{
  "forum": [
    {
      "id": "1",
      "user": "John Doe",
      "message": "Hello, I'm new here"
    },
    {
      "id": "2",
      "user": "Jane Doe",
      "message": "Welcome John!"
    },
    {
      "id": "3",
      "user": "John Doe",
      "message": "Thanks Jane!"
    },
    {
      "id": "31",
      "user": "peter",
      "message": "how are you?"
    },
    {
      "id": "311",
      "user": "peter",
      "message": "good morning"
    },
    {
      "id": "3111",
      "user": "elonmusk",
      "message": "hello"
    },
    {
      "id": "31111",
      "user": "peter",
      "message": "hello"
    }
  ],
  "game": [
    {
      "id": "1",
      "title": "The Legend of Zelda: Breath of the Wild",
      "description": "An open-world action-adventure game set in the kingdom of Hyrule.",
      "image": "zelda.jpg"
    },
    {
      "id": "2",
      "title": "Super Mario Odyssey",
      "description": "A 3D platformer where Mario travels across various worlds to rescue Princess Peach.",
      "image": "mario.jpg"
    },
    {
      "id": "3",
      "title": "Red Dead Redemption 2",
      "description": "An epic tale of life in America’s unforgiving heartland.",
      "image": "rdr2.jpg"
    },
    {
      "id": "4",
      "title": "The Witcher 3: Wild Hunt",
      "description": "An open-world RPG set in a visually stunning fantasy universe full of meaningful choices and impactful consequences.",
      "image": "witcher3.jpg"
    },
    {
      "id": "5",
      "title": "God of War",
      "description": "A third-person action-adventure game featuring Kratos and his son Atreus.",
      "image": "gow.jpg"
    },
    {
      "id": "6",
      "title": "Minecraft",
      "description": "A sandbox game that allows players to build and explore their own worlds.",
      "image": "minecraft.jpg"
    },
    {
      "id": "7",
      "title": "Fortnite",
      "description": "A battle royale game where players fight to be the last one standing.",
      "image": "fortnite.jpg"
    },
    {
      "id": "8",
      "title": "Overwatch",
      "description": "A team-based multiplayer first-person shooter.",
      "image": "overwatch.jpg"
    },
    {
      "id": "9",
      "title": "Grand Theft Auto V",
      "description": "An open-world action-adventure game set in the fictional state of San Andreas.",
      "image": "gtav.jpg"
    },
    {
      "id": "10",
      "title": "Dark Souls III",
      "description": "An action RPG known for its challenging gameplay and intricate world design.",
      "image": "ds3.jpg"
    }
  ],
  "requests": [
    {
      "id": "a712",
      "name": "Harry-potter",
      "email": "hbadcbj@gmail.com",
      "serviceType": "Game Bug Fixing",
      "message": "i encountered a bug in your minecraft game that not allowing players to enter house"
    },
    {
      "id": "ac9f",
      "name": "Meena",
      "email": "meena@gmail.com",
      "serviceType": "Refund Request",
      "message": "Recently I purchased \"god of war\" premium edition but i was not able to play the game so i request a refund\n"
    },
    {
      "id": "641d",
      "name": "Ramchandru R",
      "email": "ramchandru452004@gmail.com",
      "serviceType": "Game Support",
      "message": "bdbdbetwbrbrabh"
    }
  ]
}